{"CIS":{"SPAN223":1.0246958828834187,"ITAL531":1.0011759944230199,"FNAR340":1.0070559665381196,"ANTH105":1.0011759944230199,"MUSC130":1.0011759944230199,"FNAR243":1.0011759944230199,"CIS511":1.0072674394511338,"FNAR241":1.0011759944230199,"CIS510":1.0317963610541652,"MATH654":1.002807303184466,"MEAM302":1.087209273413606,"MATH650":1.002807303184466,"CIS320":1.0635927221083303,"SPAN212":1.0635535939513012,"ANEL460":1.0094079553841595,"ECON680":1.002401883954264,"NELC101":1.0047039776920799,"ECON681":1.002401883954264,"NELC102":1.0035279832690598,"FNAR257":1.0011759944230199,"FNAR251":1.0011759944230199,"FNAR252":1.0011759944230199,"SOCI100":1.002401883954264,"CIS520":1.039063800505299,"MATH661":1.0056146063689317,"MEAM570":1.0145348789022677,"MATH660":1.0084219095533977,"SPAN219":1.0612016051052613,"MATH638":1.002807303184466,"SPAN202":1.065905582797341,"MEAM321":1.0681335583098344,"CIS110":1.7647958625804299,"ANEL646":1.0011759944230199,"FNAR267":1.00235198884604,"BIOL205":1.065561676674041,"BIOL204":1.0280978614317318,"FNAR266":1.00235198884604,"BIOL202":1.1664886542309476,"SLAV534":1.0011759944230199,"FNAR269":1.00235198884604,"MATH630":1.002807303184466,"SLAV531":1.00235198884604,"STSC110":1.002401883954264,"SLAV530":1.0035279832690598,"FNAR260":1.0011759944230199,"SLAV532":1.0011759944230199,"BIOL304":1.0093659538105773,"FNAR264":1.0235198884603989,"MATH632":1.002807303184466,"FNAR261":1.00235198884604,"FNAR123":1.0176399163452992,"MATH646":1.002807303184466,"FNAR634":1.00235198884604,"FNAR333":1.0011759944230199,"FNAR635":1.0047039776920799,"MEAM410":1.0072674394511338,"CIS120":1.8133323254766138,"CIS121":1.4981748117531013,"MATH548":1.002807303184466,"ANEL440":1.0117599442301994,"ANEL441":1.0094079553841595,"CIS501":1.0635927221083303,"CIS500":1.1026565226136296,"MATH546":1.002807303184466,"FNAR061":1.0094079553841595,"CIS400":1.093840103932421,"FNAR062":1.0035279832690598,"BIOL215":1.0311682721639788,"CIS502":1.0317963610541652,"ANEL641":1.0082319609611397,"CIS505":1.0317963610541652,"ANEL640":1.0094079553841595,"MATH640":1.002807303184466,"FNAR271":1.0176898114535233,"FNAR272":1.0011759944230199,"FNAR275":1.0011759944230199,"LING250":1.0072056518627923,"FNAR488":1.0011759944230199,"SPAN120":1.0741375437584806,"FNAR640":1.0070559665381196,"PSYC272":1.0048037679085282,"PSYC281":1.0048037679085282,"ECON792":1.002401883954264,"BIBB231":1.03290162934026,"ANEL573":1.0011759944230199,"MUSC270":1.0011759944230199,"BIBB399":1.0187319076211545,"MATH696":1.002807303184466,"CIS550":1.0317963610541652,"COMM550":1.002401883954264,"FNAR636":1.0235198884603989,"ANEL575":1.0011759944230199,"MATH694":1.0084219095533977,"MUSC170":1.0129359386532193,"MATH692":1.002807303184466,"SPAN115":1.0764895326045205,"SPAN112":1.0741375437584806,"MSE570":1.0145348789022677,"PSYC265":1.0048037679085282,"MEAM333":1.0581395156090707,"MEAM535":1.0145348789022677,"SPAN110":1.0764895326045205,"CIS562":1.0317963610541652,"ANEL560":1.00235198884604,"MEAM530":1.0072674394511338,"MSE575":1.0072674394511338,"ECON780":1.002401883954264,"ANEL563":1.00235198884604,"COMM562":1.002401883954264,"CIS560":1.158981805270826,"CRIM600":1.002401883954264,"ANTH603":1.0058799721150997,"MEAM664":1.0072674394511338,"SPAN145":1.0011759944230199,"MEAM665":1.0072674394511338,"EALC552":1.0011759944230199,"ANCH025":1.00235198884604,"ANTH600":1.0035279832690598,"FNAR662":1.0035279832690598,"FNAR661":1.0094079553841595,"ANTH602":1.0011759944230199,"SPAN140":1.0682575716433809,"MATH570":1.0084219095533977,"COMM575":1.002401883954264,"MATH571":1.0056146063689317,"EALC651":1.0011759944230199,"CIS530":1.0317963610541652,"MATH574":1.002807303184466,"CIS160":1.8260888386254956,"DTCH102":1.0047039776920799,"DTCH103":1.0035279832690598,"NELC484":1.0011759944230199,"NELC482":1.0011759944230199,"DTCH105":1.0011759944230199,"DTCH104":1.00235198884604,"BIBB109":1.203890681884915,"SPAN135":1.0706095604894208,"SLAV591":1.0047039776920799,"SLAV590":1.0058799721150997,"SPAN130":1.0706095604894208,"MEAM354":1.0363371972556692,"ANEL577":1.0011759944230199,"MATH580":1.002807303184466,"MATH582":1.002807303184466,"LING001":1.0120094197713205,"FNAR235":1.0058799721150997,"FNAR234":1.00235198884604,"MATH584":1.002807303184466,"FNAR236":1.0035279832690598,"MATH680":1.002807303184466,"EEUR121":1.0035279832690598,"PSCI150":1.0048037679085282,"EEUR123":1.0011759944230199,"EEUR122":1.00235198884604,"MATH320":1.0140365159223295,"SLAV594":1.0011759944230199,"SLAV593":1.00235198884604,"MATH321":1.0112292127378637,"SLAV592":1.0035279832690598,"ARCH401":1.0011759944230199,"BIOL121":1.6723583700953084,"BIOL124":1.0592661335957105,"ENM251":1.1916800289791099,"COMM125":1.0048037679085282,"PSYC235":1.0048037679085282,"ANTH003":1.024753671526285,"ANTH001":1.0070559665381196,"PRTG140":1.0035279832690598,"COMM262":1.0048037679085282,"ANTH002":1.00235198884604,"PSYC231":1.0189734896276337,"VLST101":1.0294655427530066,"MEAM642":1.0218023183534015,"COMM123":1.0048037679085282,"FREN120":1.0058799721150997,"FREN121":1.0058799721150997,"COMM524":1.002401883954264,"COMM522":1.0048037679085282,"ENGL501":1.0011759944230199,"LING590":1.0048037679085282,"MATH312":1.0830646254317133,"GEOL317":1.0093659538105773,"BIOL275":1.0187319076211545,"ASTR012":1.0093659538105773,"ASTR011":1.0093659538105773,"MEAM101":1.043604636706803,"FREN134":1.0035279832690598,"MATH720":1.002807303184466,"FREN130":1.0047039776920799,"MATH340":1.002807303184466,"PSCI130":1.002401883954264,"BIOL102":1.3090022770087473,"BIOL101":1.4755740685285816,"COMM530":1.002401883954264,"MEAM215":1.0072674394511338,"MEAM520":1.0145348789022677,"PRTG120":1.0058799721150997,"MEAM211":1.0972033161143697,"MEAM210":1.2062149078813775,"THAR220":1.0011759944230199,"RELS743":1.0011759944230199,"THAR120":1.0047039776920799,"FREN140":1.0035279832690598,"THAR121":1.00235198884604,"ESE112":1.0466510530640527,"ECON002":1.1044570044563766,"ESE116":1.0072674394511338,"ECON001":1.1260739600447536,"ROML120":1.00235198884604,"MEAM110":1.3470228607025505,"EEUR111":1.0011759944230199,"MATH748":1.002807303184466,"ECON721":1.002401883954264,"ITAL140":1.0011759944230199,"MSE260":1.0290697578045354,"CBE479":1.0072674394511338,"PRTG130":1.0047039776920799,"CAMB605":1.0187319076211545,"MEAM510":1.0145348789022677,"BIOL399":1.0093659538105773,"MEAM513":1.0535986794075667,"PRTG134":1.0035279832690598,"MEAM519":1.0290697578045354,"ECON010":1.062448982810867,"ROML130":1.0011759944230199,"COMM130":1.002401883954264,"MSE360":1.0145348789022677,"FNAR280":1.0011759944230199,"MEAM402":1.0145348789022677,"MATH425":1.002807303184466,"BIOL221":1.2846771139397517,"ECON706":1.0072056518627923,"ARCH302":1.0011759944230199,"GEOL201":1.037463815242309,"ANTH143":1.004753872800304,"COMM225":1.0048037679085282,"GEOL208":1.0280978614317318,"GEOL205":1.037463815242309,"GEOL206":1.037463815242309,"MATH618":1.0140365159223295,"CAMB511":1.0093659538105773,"COMM220":1.0048037679085282,"CAMB512":1.0093659538105773,"MATH619":1.0112292127378637,"SOCI137":1.0048037679085282,"MATH622":1.0084219095533977,"MEAM203":1.1090115917670076,"MATH623":1.0056146063689317,"MATH620":1.0084219095533977,"MATH621":1.0056146063689317,"STAT430":1.0564866825268688,"ECON701":1.0288226074511693,"CBE353":1.0072674394511338,"ECON700":1.0192150716341128,"SOCI536":1.0048037679085282,"CBE350":1.0581395156090707,"SOCI535":1.0072056518627923,"CBE351":1.043604636706803,"MATH412":1.0084219095533977,"ECON705":1.0144113037255846,"ECON704":1.0048037679085282,"ECON703":1.0144113037255846,"ECON702":1.0120094197713205,"BIOL231":1.0235356755296827,"BIOL230":1.0187319076211545,"URBS300":1.0048037679085282,"BE512":1.0072674394511338,"URBS200":1.0048037679085282,"MATH628":1.002807303184466,"BE510":1.0072674394511338,"BE619":1.0072674394511338,"MATH625":1.0056146063689317,"BIOL375":1.0187319076211545,"MATH624":1.0084219095533977,"GEOL420":1.0093659538105773,"LING078":1.002401883954264,"PHYS140":1.1629596259165151,"LING071":1.0192150716341128,"LING072":1.0168131876798487,