{"BE":{"SPAN223":1.0193709909317492,"ITAL531":1.0009224281396072,"FNAR340":1.0055345688376427,"ANTH105":1.0009224281396072,"MUSC130":1.0009224281396072,"FNAR243":1.0009224281396072,"CIS511":1.0019686030802777,"CIS510":1.0019686030802777,"FNAR241":1.0009224281396072,"MATH654":1.001893617013636,"MEAM302":1.0610585886944444,"MATH650":1.001893617013636,"CIS320":1.0039372061605554,"SPAN212":1.0498502563331034,"ANEL460":1.0073794251168569,"ECON680":1.001883993073534,"NELC101":1.0036897125584283,"ECON681":1.001883993073534,"NELC102":1.0027672844188213,"FNAR257":1.0009224281396072,"FNAR251":1.0009224281396072,"FNAR252":1.0009224281396072,"CIS520":1.0039372061605554,"SOCI100":1.001883993073534,"MATH661":1.003787234027272,"MEAM570":1.0039372061605554,"MATH660":1.005680851040908,"SPAN219":1.048005400053889,"MATH638":1.001893617013636,"SPAN202":1.0516951126123175,"MEAM321":1.0118116184816661,"CIS110":1.0397590980080547,"ANEL646":1.0009224281396072,"BIOL205":1.013255319095452,"FNAR267":1.0018448562792142,"BIOL204":1.005680851040908,"BIOL202":1.071595444043202,"FNAR266":1.0018448562792142,"SLAV534":1.0009224281396072,"FNAR269":1.0018448562792142,"MATH630":1.001893617013636,"SLAV531":1.0018448562792142,"STSC110":1.001883993073534,"SLAV530":1.0027672844188213,"FNAR260":1.0009224281396072,"SLAV532":1.0009224281396072,"BIOL304":1.001893617013636,"FNAR264":1.018448562792142,"MATH632":1.001893617013636,"FNAR261":1.0018448562792142,"FNAR123":1.0138364220941065,"MATH646":1.001893617013636,"FNAR634":1.0018448562792142,"FNAR333":1.0009224281396072,"FNAR635":1.0036897125584283,"MEAM410":1.0019686030802777,"CIS120":1.0456649072488877,"CIS121":1.0275604431238876,"MATH548":1.001893617013636,"ANEL440":1.009224281396071,"ANEL441":1.0073794251168569,"CIS501":1.0039372061605554,"CIS500":1.0078744123211107,"MATH546":1.001893617013636,"FNAR061":1.0073794251168569,"CIS400":1.0019686030802777,"FNAR062":1.0027672844188213,"CIS502":1.0019686030802777,"BIOL215":1.1201054814478053,"ANEL641":1.0064569969772497,"CIS505":1.0019686030802777,"ANEL640":1.0073794251168569,"MATH640":1.001893617013636,"FNAR271":1.0138755588884263,"FNAR272":1.0009224281396072,"FNAR275":1.0009224281396072,"LING250":1.0056519792206016,"FNAR488":1.0009224281396072,"SPAN120":1.0581521095895672,"FNAR640":1.0055345688376427,"PSYC272":1.0037679861470676,"PSYC281":1.0037679861470676,"ECON792":1.001883993073534,"BIBB231":1.0094488371879757,"MUSC270":1.0009224281396072,"ANEL573":1.0009224281396072,"BIBB399":1.003787234027272,"MATH696":1.001893617013636,"CIS550":1.0019686030802777,"COMM550":1.001883993073534,"FNAR636":1.018448562792142,"ANEL575":1.0009224281396072,"MATH694":1.005680851040908,"MUSC170":1.0101467095356782,"MATH692":1.001893617013636,"SPAN115":1.0599969658687813,"SPAN112":1.0581521095895672,"MSE570":1.0039372061605554,"MEAM333":1.0157488246422215,"PSYC265":1.0037679861470676,"MEAM535":1.0039372061605554,"SPAN110":1.0599969658687813,"CIS562":1.0019686030802777,"ANEL560":1.0018448562792142,"MEAM530":1.0019686030802777,"MSE575":1.0019686030802777,"ECON780":1.001883993073534,"ANEL563":1.0018448562792142,"COMM562":1.001883993073534,"CIS560":1.0098430154013884,"CRIM600":1.001883993073534,"ANTH603":1.0046121406980355,"MEAM664":1.0019686030802777,"SPAN145":1.0009224281396072,"MEAM665":1.0019686030802777,"EALC552":1.0009224281396072,"ANCH025":1.0018448562792142,"ANTH600":1.0027672844188213,"FNAR662":1.0027672844188213,"ANTH602":1.0009224281396072,"FNAR661":1.0073794251168569,"SPAN140":1.0535399688915317,"MATH570":1.005680851040908,"MATH571":1.003787234027272,"COMM575":1.001883993073534,"EALC651":1.0009224281396072,"CIS530":1.0019686030802777,"MATH574":1.001893617013636,"DTCH102":1.0036897125584283,"DTCH103":1.0027672844188213,"NELC484":1.0009224281396072,"NELC482":1.0009224281396072,"DTCH105":1.0009224281396072,"DTCH104":1.0018448562792142,"BIBB109":1.0454179365069578,"SPAN135":1.0553848251707458,"SLAV591":1.0036897125584283,"SLAV590":1.0046121406980355,"SPAN130":1.0553848251707458,"MEAM354":1.0098430154013884,"ANEL577":1.0009224281396072,"MATH580":1.001893617013636,"MATH582":1.001893617013636,"LING001":1.0094199653676692,"FNAR235":1.0046121406980355,"FNAR234":1.0018448562792142,"MATH584":1.001893617013636,"FNAR236":1.0027672844188213,"MATH680":1.001893617013636,"EEUR121":1.0027672844188213,"PSCI150":1.0037679861470676,"EEUR123":1.0009224281396072,"EEUR122":1.0018448562792142,"MATH320":1.00946808506818,"SLAV594":1.0009224281396072,"SLAV593":1.0018448562792142,"MATH321":1.007574468054544,"SLAV592":1.0027672844188213,"ARCH401":1.0009224281396072,"BIOL121":1.3230119683637211,"BIOL124":1.1379528218013246,"ENM251":1.082713222577499,"COMM125":1.0037679861470676,"PSYC235":1.0037679861470676,"ANTH003":1.0139634564171676,"PRTG140":1.0027672844188213,"ANTH001":1.0055345688376427,"COMM262":1.0037679861470676,"ANTH002":1.0018448562792142,"PSYC231":1.0094295893077714,"MEAM642":1.005905809240833,"VLST101":1.012206497666695,"COMM123":1.0037679861470676,"FREN120":1.0046121406980355,"FREN121":1.0046121406980355,"COMM524":1.001883993073534,"COMM522":1.0037679861470676,"ENGL501":1.0009224281396072,"LING590":1.0037679861470676,"MATH312":1.0530962624484501,"GEOL317":1.001893617013636,"ASTR012":1.001893617013636,"BIOL275":1.003787234027272,"ASTR011":1.001893617013636,"MEAM101":1.0118116184816661,"FREN134":1.0027672844188213,"MATH720":1.001893617013636,"FREN130":1.0036897125584283,"MATH340":1.001893617013636,"PSCI130":1.001883993073534,"BIOL102":1.2096861230356466,"BIOL101":1.1181080025595342,"COMM530":1.001883993073534,"MEAM215":1.0019686030802777,"MEAM520":1.0039372061605554,"PRTG120":1.0046121406980355,"MEAM211":1.0196860308027769,"MEAM210":1.0866504287380543,"THAR220":1.0009224281396072,"RELS743":1.0009224281396072,"THAR120":1.0036897125584283,"FREN140":1.0027672844188213,"THAR121":1.0018448562792142,"ESE112":1.005905809240833,"ECON002":1.0819341303015622,"ESE116":1.0019686030802777,"ECON001":1.0988900679633669,"MEAM110":1.1181480780224973,"ROML120":1.0018448562792142,"EEUR111":1.0009224281396072,"MATH748":1.001893617013636,"ECON721":1.001883993073534,"ITAL140":1.0009224281396072,"MSE260":1.0078744123211107,"CBE479":1.0019686030802777,"PRTG130":1.0036897125584283,"MEAM510":1.0039372061605554,"CAMB605":1.003787234027272,"BIOL399":1.001893617013636,"MEAM513":1.0078744123211107,"PRTG134":1.0027672844188213,"MEAM519":1.0453097640522229,"ECON010":1.04898381991188,"ROML130":1.0009224281396072,"COMM130":1.001883993073534,"MSE360":1.0039372061605554,"FNAR280":1.0009224281396072,"MEAM402":1.0039372061605554,"MATH425":1.001893617013636,"BIOL221":1.0530962624484501,"ECON706":1.0056519792206016,"ARCH302":1.0009224281396072,"GEOL201":1.007574468054544,"ANTH143":1.003728849352748,"COMM225":1.0037679861470676,"GEOL208":1.005680851040908,"GEOL205":1.007574468054544,"GEOL206":1.007574468054544,"MATH618":1.00946808506818,"CAMB511":1.001893617013636,"COMM220":1.0037679861470676,"CAMB512":1.001893617013636,"MATH619":1.007574468054544,"SOCI137":1.0037679861470676,"MATH622":1.005680851040908,"MEAM203":1.0295290462041653,"MATH623":1.003787234027272,"MATH620":1.005680851040908,"MATH621":1.003787234027272,"ECON701":1.022607916882406,"CBE353":1.0019686030802777,"ECON700":1.0150719445882708,"SOCI536":1.0037679861470676,"CBE350":1.0157488246422215,"SOCI535":1.0056519792206016,"CBE351":1.0118116184816661,"MATH412":1.005680851040908,"ECON705":1.0113039584412031,"ECON704":1.0037679861470676,"ECON703":1.0113039584412031,"ECON702":1.0094199653676692,"BIOL231":1.0075552201743396,"BIOL230":1.003787234027272,"URBS300":1.0037679861470676,"BE512":1.0019686030802777,"URBS200":1.0037679861470676,"MATH628":1.001893617013636,"BE510":1.0394039548113898,"BE619":1.0019686030802777,"MATH625":1.003787234027272,"BIOL375":1.003787234027272,"MATH624":1.005680851040908,"GEOL420":1.001893617013636,"LING078":1.001883993073534,"PHYS140":1.4677600312997814,"LING071":1.0150719445882708,"LING072":1.0131879515147368,"PHYS141":1.0058308231741915,"LING073":1.0094199653676692,