{"CIS":{"CIS240":1.6666666666666665,"CIS400":1.3333333333333333,"MATH104":1.3333333333333333,"CIS110":2.0,"CIS120":1.6666666666666665,"CIS121":1.3333333333333333,"CIS160":2.0,"CIS262":1.3333333333333333}}